,Model_A_Coef,Model_A_SE,Model_A_Pval,Model_B_Coef,Model_B_SE,Model_B_Pval,Model_C_Coef,Model_C_SE,Model_C_Pval
const,3.6496280935281313,2.420740346136049,0.13420844124906317,,,,-7.253827528240541,2.773824806945768,0.010054773618957125
covid_dummy,-2.562092416673327,0.20403889960811267,0.0,,,,-3.423009788514848,0.18033453697354057,0.0
ln_cpi,1.4368919779236373,0.6704131324958716,0.034058538124943416,0.9297122006834428,0.8463817898879764,0.27442636974057444,3.212025932632999,1.4130247105547546,0.02478052649320972
ln_exchange_rate,0.9773187021825959,0.8736412243888602,0.26545972281654406,0.4137186372185308,0.7273835963318148,0.5706779432313769,1.412372328705944,1.0172053418105336,0.16754080549848682
ln_gdp_china,0.3884458439608911,0.2862339140720358,0.17723700879250215,,,,1.0915695329595245,0.4011603098828449,0.007467899740642325
peace_index,1.6580093152715856,0.8854756074100332,0.06351872296619021,-0.13078773336611987,0.4406965867200071,0.7672030622242729,0.3661221153554019,0.7299142458907305,0.6168631088717769
post_covid,,,,,,,-1.9205556334688032,0.21573890313248664,6.661338147750939e-15
thailand_post_covid,,,,,,,0.2903954962583141,0.1400877950344133,0.04029947900832331
