,Model_A_Coef,Model_A_SE,Model_A_Pval,Model_B_Coef,Model_B_SE,Model_B_Pval,Model_C_Coef,Model_C_SE,Model_C_Pval
const,3.649628093528136,2.420740346139528,0.13420844124961717,,,,-7.253827528240533,2.773824806951183,0.010054773619099233
covid_dummy,-2.5620924166733285,0.20403889960811422,0.0,,,,-3.4230097885148476,0.18033453697356094,0.0
ln_cpi,1.4368919779236404,0.6704131324981312,0.034058538125535165,0.9297122006834435,0.8463817898879767,0.2744263697405742,3.212025932632997,1.4130247105592506,0.02478052649365914
ln_exchange_rate,0.977318702182598,0.8736412243887712,0.26545972281649477,0.413718637218532,0.7273835963318152,0.570677943231376,1.4123723287059438,1.0172053418108742,0.16754080549862782
ln_gdp_china,0.3884458439608905,0.28623391407205584,0.1772370087925328,,,,1.0915695329595252,0.40116030988359275,0.007467899740750239
peace_index,1.6580093152715838,0.8854756074100368,0.06351872296619154,-0.13078773336611968,0.44069658672000694,0.7672030622242731,0.3661221153554036,0.729914245890878,0.6168631088718461
post_covid,,,,,,,-1.9205556334688036,0.21573890313268904,6.661338147750939e-15
thailand_post_covid,,,,,,,0.290395496258314,0.1400877950346387,0.04029947900863928
